<?xml version="1.0" encoding="utf-8"?>
<feed xmlns="http://www.w3.org/2005/Atom"
    xmlns:rdf="http://www.w3.org/1999/02/22-rdf-syntax-ns#"
    xmlns:leap2="http://terms.leapspecs.org/"
    xmlns:categories="http://wiki.leapspecs.org/2A/categories/"
    xmlns:portfolio="https://eportfolio.u-pec.fr/export/leap/3619/1663851668/"
    xmlns:mahara="http://wiki.mahara.org/Developer_Area/Import%2F%2FExport/LEAP_Extensions#"
>
    <leap2:version>http://www.leapspecs.org/2010-07/2A/</leap2:version>
    <id>https://eportfolio.u-pec.fr/export/3619/1663851668</id>
    <title>Mahara Leap2A Export for Coralie BOURDAIS--HAMEAU, 22/09/2022 15:01</title>
    <updated>2022-09-22T15:03:08+02:00</updated>
    <generator uri="https://mahara.org/" version="2008122400">Mahara</generator>
    <author>
        <name>Coralie BOURDAIS--HAMEAU</name>
        <email>coralie.bourdais-hameau@etu.u-pec.fr</email>
        <uri>portfolio:artefactinternal</uri>
    </author>

    <entry>
        <title>Découverte de Mahara</title>
        <id>portfolio:view31018</id>

        <updated>2022-09-22T15:03:17+02:00</updated>
        <published>2022-09-22T14:02:58+02:00</published>

        <summary type="xhtml"><div xmlns="http://www.w3.org/1999/xhtml"><div>Mes premiers pas sur Mahara</div></div></summary>

   <subtitle type="xhtml"><div xmlns="http://www.w3.org/1999/xhtml"><div></div></div></subtitle>
        <content type="xhtml"><div xmlns="http://www.w3.org/1999/xhtml"><div><div id="user_block_132986"><div class="bt-text gridstackblock card card-secondary clearfix" id="user_blockinstance_132986">
    
    
        <div class="block-header quick-edit d-none">
    <a class="modal_link list-group-heading" href="#" title="Édition rapide">
        <span class="icon icon-pencil-alt" title="Édition rapide"></span>
        Édition rapide
    </a>
</div>

    
    
        <h2 class="title card-header js-heading">
            

            <span class="collapse-inline">
                Présentation
                
            </span>

            

        </h2>
    

    <div class="block" id="user_blockinstance_132986_target">
        
        
            

<div class="textblock card-body flush">
<p>Coralie Bourdais--Hameau <br />Née le 09/12/2002<br />91170 Viry-Châtillon</p>
</div>


        
    </div>
</div>
</div><div id="user_block_132993"><div class="bt-image gridstackblock card card-secondary clearfix" id="user_blockinstance_132993">
    
        <div class="block-header d-none">
    
        <a class="commentlink" href="#" title="">
        
            
                <span class="icon icon-plus" title="Commentaires et les détails"></span>
                Ajouter un commentaire
                <span class="bh-margin-left icon icon-search-plus"></span>
                Détails
            
        
        </a>
    
</div>

    
    
    
        <h2 class="title card-header js-heading">
            

            <span class="collapse-inline">
                Image
                
            </span>

            

        </h2>
    

    <div class="block" id="user_blockinstance_132993_target">
        
        
            <div class="imageblock card-body">
    <div class="image">
        
        <a class="modal_link" href="#">
            <img rel="leap2:has_part" href="portfolio:artefact87054" alt="index.jpg" title="index.jpg" />
        </a>
        
    </div>

    
</div>

        
    </div>
</div>
</div></div></div></content>
        <rdf:type rdf:resource="leap2:selection"/>

        <link rel="leap2:has_part" href="portfolio:artefact87054"/>


        <category term="Webpage" scheme="categories:selection_type#"/>





        <mahara:view mahara:newlayout="1" mahara:type="portfolio" mahara:ownerformat="6">
        
            
            <mahara:blockinstance mahara:blocktype="text" mahara:blocktitle="Présentation" mahara:positionx="0" mahara:positiony="0" mahara:height="14" mahara:width="3">
                
                    
                    <mahara:text>[&quot;&lt;p&gt;Coralie Bourdais--Hameau &lt;br \/&gt;N&amp;eacute;e le 09\/12\/2002&lt;br \/&gt;91170 Viry-Ch&amp;acirc;tillon&lt;\/p&gt;&quot;]</mahara:text>
                    
                
                    
                    <mahara:instructions></mahara:instructions>
                    
                
                
                
            </mahara:blockinstance>
            
            <mahara:blockinstance mahara:blocktype="image" mahara:blocktitle="Image" mahara:positionx="0" mahara:positiony="14" mahara:height="24" mahara:width="3">
                
                    
                    <mahara:artefactid>[&quot;portfolio:artefact87054&quot;]</mahara:artefactid>
                    
                
                    
                    <mahara:showdescription>[false]</mahara:showdescription>
                    
                
                    
                    <mahara:width>[&quot;&quot;]</mahara:width>
                    
                
                    
                    <mahara:retractable>[0]</mahara:retractable>
                    
                
                    
                    <mahara:retractedonload>[0]</mahara:retractedonload>
                    
                
                
                
            </mahara:blockinstance>
            
        
        </mahara:view>
    </entry>

    <entry>
        <title>index.jpg</title>
        <id>portfolio:artefact87054</id>

        <updated>2022-09-22T14:02:02+02:00</updated>
        <published>2022-09-22T14:02:02+02:00</published>




        <content type="xhtml"><div xmlns="http://www.w3.org/1999/xhtml"><div></div></div></content>
        <rdf:type rdf:resource="leap2:resource"/>
        <mahara:artefactplugin mahara:type="image" mahara:plugin="file"/>
        <link rel="enclosure" type="image/jpeg" href="export_info/files/87054-index.jpg"/>
        <link rel="leap2:is_part_of" href="portfolio:view31018"/>


        <category term="Offline" scheme="categories:resource_type#" label="File"/>




    </entry>


</feed>
